coord x, coord y, speed, power
49, 6, 6.368256,24.595646
22, 38, 5.949399,20.054687
37, 41, 5.923537,19.794288
40, 3, 5.897641,19.535815
42, 3, 5.725847,17.877869
46, 3, 5.725413,17.873804
