coord x, coord y, speed, power
37, 9, 6.646986,5.220806
23, 13, 6.050181,3.937028
34, 10, 5.811693,3.489565
21, 14, 5.196779,2.494974
3, 24, 4.978039,2.192997
29, 2, 4.271979,1.385960
